passengers,vehicles,vehicle speed,x-dim,y-dim,time horizon,update interval,immediate pickup penalty,reassignment penalty,waiting penalty,pass1 penalty,pass2 penalty,rideshare flat penalty,zeta,rideshares,run time,number served,empty km 1,empty km 2,total km,average wait,wait times
passengers,vehicles,vehicle speed,x-dim,y-dim,time horizon,update interval,immediate pickup penalty,reassignment penalty,waiting penalty,pass1 penalty,pass2 penalty,rideshare flat penalty,zeta,rideshares,run time,number served,empty km 1,empty km 2,total km,average wait,wait times
400,20,0.016666666666666666,10.0,10.0,10800.0,10.0,1,1.0,0.05,2.1,2,5,0,False,10320.0,400,888.1174124533038,888.1174124533038,3049.3059553047924,4735.9,"[0, 560.0, 0, 800.0, 0, 1190.0, 630.0, 780.0, 240.0, 680.0, 0, 340.0, 150.0, 460.0, 310.0, 320.0, 0, 1120.0, 180.0, 1330.0, 930.0, 590.0, 340.0, 740.0, 730.0, 150.0, 1080.0, 1140.0, 680.0, 760.0, 440.0, 750.0, 720.0, 690.0, 720.0, 410.0, 140.0, 300.0, 330.0, 930.0, 200.0, 580.0, 850.0, 0, 820.0, 1020.0, 980.0, 220.0, 820.0, 510.0, 350.0, 790.0, 0, 160.0, 0, 600.0, 570.0, 260.0, 1140.0, 850.0, 0, 780.0, 1180.0, 200.0, 260.0, 730.0, 650.0, 870.0, 940.0, 500.0, 0, 510.0, 650.0, 250.0, 0, 270.0, 300.0, 0, 0, 130.0, 1110.0, 280.0, 610.0, 270.0, 300.0, 490.0, 0, 930.0, 0, 510.0, 670.0, 0, 510.0, 370.0, 1000.0, 260.0, 630.0, 770.0, 470.0, 0, 1250.0, 1160.0, 700.0, 150.0, 560.0, 130.0, 1040.0, 0, 160.0, 580.0, 580.0, 1090.0, 0, 580.0, 1210.0, 500.0, 160.0, 600.0, 1060.0, 0, 560.0, 1090.0, 1240.0, 610.0, 0, 510.0, 600.0, 0, 440.0, 140.0, 300.0, 1140.0, 0, 1230.0, 0, 760.0, 150.0, 420.0, 1080.0, 800.0, 1050.0, 0, 1370.0, 310.0, 0, 810.0, 670.0, 170.0, 840.0, 410.0, 0, 810.0, 420.0, 680.0, 750.0, 700.0, 1070.0, 430.0, 120.0, 470.0, 120.0, 640.0, 0, 530.0, 690.0, 490.0, 0, 0, 0, 230.0, 1180.0, 960.0, 640.0, 260.0, 150.0, 220.0, 860.0, 540.0, 1070.0, 0, 950.0, 620.0, 240.0, 380.0, 0, 1220.0, 810.0, 0, 670.0, 630.0, 1050.0, 0, 800.0, 790.0, 850.0, 790.0, 620.0, 220.0, 490.0, 350.0, 0, 630.0, 440.0, 400.0, 160.0, 0, 970.0, 380.0, 230.0, 700.0, 1130.0, 280.0, 0, 0, 900.0, 0, 560.0, 660.0, 520.0, 770.0, 1240.0, 1100.0, 570.0, 0, 1210.0, 710.0, 560.0, 460.0, 440.0, 550.0, 700.0, 1150.0, 290.0, 210.0, 230.0, 1200.0, 0, 1080.0, 0, 230.0, 890.0, 0, 880.0, 110.0, 660.0, 420.0, 790.0, 0, 1020.0, 520.0, 460.0, 680.0, 0, 710.0, 730.0, 930.0, 770.0, 820.0, 340.0, 640.0, 960.0, 600.0, 1260.0, 820.0, 510.0, 860.0, 1160.0, 570.0, 400.0, 230.0, 180.0, 220.0, 900.0, 840.0, 560.0, 630.0, 150.0, 740.0, 480.0, 520.0, 580.0, 930.0, 770.0, 580.0, 1230.0, 0, 740.0, 290.0, 1200.0, 0, 0, 0, 170.0, 1360.0, 480.0, 290.0, 250.0, 790.0, 620.0, 270.0, 790.0, 470.0, 790.0, 670.0, 660.0, 0, 150.0, 190.0, 170.0, 1080.0, 450.0, 440.0, 280.0, 880.0, 770.0, 180.0, 0, 0, 1250.0, 0, 660.0, 760.0, 210.0, 1050.0, 140.0, 160.0, 160.0, 1080.0, 0, 0, 330.0, 140.0, 400.0, 970.0, 0, 0, 230.0, 1000.0, 1020.0, 0, 1130.0, 380.0, 240.0, 1160.0, 1210.0, 220.0, 280.0, 790.0, 760.0, 1260.0, 520.0, 1190.0, 210.0, 1070.0, 400.0, 650.0, 370.0, 410.0, 770.0, 640.0, 390.0, 0, 110.0, 0, 990.0, 220.0, 0, 130.0, 0, 130.0, 0, 310.0, 170.0, 200.0, 430.0, 200.0, 1010.0, 300.0, 1310.0, 230.0, 540.0, 220.0, 0, 1060.0, 970.0, 540.0, 170.0, 0, 670.0, 180.0, 490.0, 120.0, 350.0, 620.0, 0, 650.0, 760.0, 330.0, 520.0, 190.0]"
400,20,0.016666666666666666,10.0,10.0,10800.0,10.0,1,1.0,0.05,2.1,2,5,0,True,9350.0,400,852.3455047484377,798.1876554280784,2816.214877901696,4451.05,"[0, 310.0, 0, 420.0, 0, 660.0, 360.0, 420.0, 10.0, 430.0, 0, 130.0, 70.0, 320.0, 190.0, 90.0, 0, 580.0, 190.0, 740.0, 490.0, 290.0, 170.0, 490.0, 380.0, 110.0, 650.0, 700.0, 490.0, 500.0, 170.0, 440.0, 440.0, 420.0, 390.0, 110.0, 110.0, 130.0, 250.0, 590.0, 30.0, 430.0, 470.0, 0, 420.0, 650.0, 430.0, 130.0, 450.0, 300.0, 180.0, 320.0, 0, 0, 0, 320.0, 280.0, 100.0, 680.0, 440.0, 0, 330.0, 680.0, 130.0, 110.0, 430.0, 360.0, 330.0, 630.0, 320.0, 0, 170.0, 330.0, 110.0, 0, 140.0, 200.0, 0, 0, 0, 750.0, 130.0, 360.0, 140.0, 0, 320.0, 0, 480.0, 0, 230.0, 350.0, 0, 260.0, 280.0, 530.0, 30.0, 380.0, 520.0, 260.0, 0, 710.0, 660.0, 450.0, 150.0, 310.0, 30.0, 650.0, 0, 60.0, 330.0, 230.0, 540.0, 0, 240.0, 750.0, 200.0, 10.0, 260.0, 670.0, 0, 290.0, 660.0, 700.0, 340.0, 0, 340.0, 360.0, 0, 220.0, 0, 110.0, 740.0, 0, 730.0, 0, 420.0, 140.0, 220.0, 680.0, 450.0, 580.0, 0, 670.0, 170.0, 0, 490.0, 310.0, 110.0, 500.0, 220.0, 0, 420.0, 240.0, 480.0, 380.0, 390.0, 630.0, 120.0, 0, 120.0, 0, 330.0, 0, 240.0, 380.0, 210.0, 0, 0, 0, 250.0, 720.0, 630.0, 410.0, 70.0, 70.0, 100.0, 460.0, 450.0, 650.0, 0, 660.0, 440.0, 90.0, 180.0, 0, 630.0, 420.0, 0, 370.0, 390.0, 670.0, 0, 460.0, 450.0, 420.0, 520.0, 330.0, 110.0, 210.0, 240.0, 0, 430.0, 250.0, 270.0, 10.0, 0, 620.0, 220.0, 50.0, 350.0, 670.0, 180.0, 0, 0, 460.0, 0, 270.0, 450.0, 310.0, 440.0, 800.0, 690.0, 260.0, 0, 710.0, 380.0, 440.0, 190.0, 330.0, 320.0, 430.0, 670.0, 150.0, 120.0, 80.0, 720.0, 0, 440.0, 0, 40.0, 480.0, 0, 480.0, 0, 420.0, 330.0, 370.0, 0, 560.0, 320.0, 200.0, 350.0, 0, 370.0, 410.0, 530.0, 310.0, 270.0, 170.0, 280.0, 660.0, 330.0, 750.0, 400.0, 280.0, 510.0, 690.0, 270.0, 30.0, 150.0, 0, 160.0, 340.0, 430.0, 300.0, 360.0, 40.0, 410.0, 220.0, 290.0, 390.0, 520.0, 430.0, 310.0, 690.0, 0, 350.0, 180.0, 740.0, 0, 0, 0, 80.0, 710.0, 260.0, 160.0, 140.0, 440.0, 380.0, 120.0, 360.0, 190.0, 370.0, 380.0, 310.0, 0, 110.0, 140.0, 120.0, 600.0, 250.0, 310.0, 180.0, 610.0, 450.0, 80.0, 0, 0, 760.0, 0, 270.0, 310.0, 80.0, 590.0, 70.0, 0, 110.0, 670.0, 0, 0, 180.0, 190.0, 180.0, 730.0, 0, 0, 70.0, 480.0, 720.0, 0, 680.0, 250.0, 130.0, 660.0, 720.0, 50.0, 130.0, 360.0, 480.0, 740.0, 250.0, 810.0, 20.0, 730.0, 260.0, 330.0, 180.0, 190.0, 400.0, 250.0, 130.0, 0, 0, 0, 660.0, 140.0, 0, 0, 0, 40.0, 0, 90.0, 20.0, 160.0, 230.0, 80.0, 700.0, 150.0, 710.0, 160.0, 340.0, 170.0, 0, 570.0, 440.0, 220.0, 130.0, 0, 410.0, 170.0, 290.0, 0, 70.0, 380.0, 0, 340.0, 360.0, 180.0, 280.0, 60.0]"
400,22,0.016666666666666666,10.0,10.0,10800.0,10.0,1,1.0,0.05,2.1,2,5,0,False,9700.0,400,916.2352668383397,916.2352668383397,3077.4238096898202,4395.85,"[0, 210.0, 0, 180.0, 0, 430.0, 180.0, 240.0, 10.0, 310.0, 0, 170.0, 0, 210.0, 30.0, 60.0, 0, 550.0, 40.0, 480.0, 280.0, 220.0, 100.0, 240.0, 160.0, 40.0, 440.0, 540.0, 280.0, 350.0, 0, 250.0, 240.0, 230.0, 170.0, 160.0, 0, 0, 150.0, 290.0, 0, 240.0, 320.0, 0, 250.0, 510.0, 280.0, 0, 250.0, 360.0, 80.0, 210.0, 0, 0, 0, 250.0, 290.0, 0, 530.0, 250.0, 0, 180.0, 510.0, 0, 40.0, 250.0, 280.0, 230.0, 390.0, 230.0, 0, 280.0, 250.0, 110.0, 0, 10.0, 190.0, 0, 0, 0, 500.0, 80.0, 240.0, 110.0, 140.0, 270.0, 0, 270.0, 0, 300.0, 260.0, 0, 260.0, 180.0, 390.0, 0, 250.0, 330.0, 210.0, 0, 520.0, 460.0, 330.0, 150.0, 230.0, 0, 470.0, 0, 0, 320.0, 240.0, 480.0, 0, 210.0, 480.0, 90.0, 0, 200.0, 450.0, 0, 150.0, 480.0, 500.0, 220.0, 0, 350.0, 300.0, 0, 180.0, 0, 0, 580.0, 0, 530.0, 0, 270.0, 0, 210.0, 420.0, 280.0, 490.0, 0, 450.0, 0, 0, 300.0, 170.0, 0, 280.0, 170.0, 0, 380.0, 230.0, 240.0, 300.0, 290.0, 470.0, 10.0, 0, 210.0, 0, 210.0, 0, 190.0, 250.0, 280.0, 0, 0, 0, 0, 480.0, 470.0, 300.0, 0, 0, 0, 310.0, 120.0, 570.0, 0, 400.0, 370.0, 0, 140.0, 0, 640.0, 240.0, 0, 220.0, 230.0, 470.0, 0, 260.0, 220.0, 310.0, 260.0, 230.0, 0, 140.0, 130.0, 0, 140.0, 150.0, 190.0, 0, 0, 450.0, 150.0, 0, 310.0, 530.0, 0, 0, 0, 180.0, 0, 180.0, 250.0, 290.0, 280.0, 590.0, 510.0, 210.0, 0, 420.0, 310.0, 250.0, 250.0, 170.0, 160.0, 260.0, 440.0, 50.0, 0, 0, 630.0, 0, 450.0, 0, 0, 320.0, 0, 330.0, 0, 230.0, 200.0, 330.0, 0, 370.0, 190.0, 160.0, 270.0, 0, 320.0, 270.0, 480.0, 180.0, 220.0, 10.0, 230.0, 480.0, 230.0, 600.0, 250.0, 270.0, 290.0, 550.0, 180.0, 10.0, 30.0, 0, 0, 370.0, 240.0, 260.0, 260.0, 0, 180.0, 130.0, 160.0, 230.0, 390.0, 190.0, 230.0, 520.0, 0, 230.0, 130.0, 550.0, 0, 0, 0, 0, 540.0, 250.0, 100.0, 20.0, 310.0, 190.0, 0, 240.0, 220.0, 370.0, 270.0, 190.0, 0, 0, 0, 0, 470.0, 110.0, 230.0, 0, 450.0, 250.0, 0, 0, 0, 610.0, 0, 220.0, 250.0, 0, 520.0, 0, 0, 0, 450.0, 0, 0, 200.0, 0, 130.0, 490.0, 0, 0, 0, 340.0, 490.0, 0, 520.0, 150.0, 0, 540.0, 500.0, 0, 0, 220.0, 280.0, 540.0, 190.0, 530.0, 0, 540.0, 140.0, 230.0, 220.0, 170.0, 260.0, 270.0, 140.0, 0, 0, 0, 530.0, 0, 0, 0, 0, 0, 0, 0, 0, 0, 10.0, 0, 490.0, 0, 540.0, 0, 270.0, 0, 0, 490.0, 290.0, 290.0, 0, 0, 220.0, 0, 200.0, 0, 140.0, 180.0, 0, 200.0, 250.0, 100.0, 190.0, 0]"
400,22,0.016666666666666666,10.0,10.0,10800.0,10.0,1,1.0,0.05,2.1,2,5,0,True,9150.0,400,902.3322029418331,868.7631878929536,2930.795911714901,4262.025,"[0, 70.0, 0, 300.0, 0, 280.0, 40.0, 90.0, 0, 180.0, 0, 0, 0, 110.0, 0, 0, 0, 300.0, 0, 250.0, 190.0, 10.0, 20.0, 240.0, 170.0, 0, 390.0, 360.0, 200.0, 160.0, 0, 180.0, 240.0, 130.0, 150.0, 0, 0, 0, 0, 290.0, 0, 80.0, 210.0, 0, 110.0, 340.0, 260.0, 0, 90.0, 40.0, 0, 60.0, 0, 0, 0, 90.0, 0, 0, 350.0, 110.0, 0, 70.0, 320.0, 0, 0, 180.0, 50.0, 110.0, 300.0, 20.0, 0, 140.0, 160.0, 0, 0, 0, 100.0, 0, 0, 0, 240.0, 0, 90.0, 0, 0, 130.0, 0, 150.0, 0, 30.0, 80.0, 0, 10.0, 110.0, 230.0, 0, 30.0, 250.0, 50.0, 0, 290.0, 250.0, 150.0, 0, 40.0, 0, 230.0, 0, 0, 100.0, 80.0, 280.0, 0, 10.0, 270.0, 0, 0, 50.0, 270.0, 0, 100.0, 280.0, 230.0, 140.0, 0, 90.0, 90.0, 0, 70.0, 0, 0, 340.0, 0, 240.0, 0, 130.0, 0, 0, 270.0, 120.0, 280.0, 0, 300.0, 0, 0, 190.0, 140.0, 0, 250.0, 0, 0, 250.0, 130.0, 170.0, 120.0, 190.0, 270.0, 0, 0, 90.0, 0, 150.0, 0, 100.0, 180.0, 40.0, 0, 0, 0, 0, 340.0, 200.0, 150.0, 0, 0, 0, 150.0, 200.0, 270.0, 0, 330.0, 150.0, 0, 40.0, 0, 270.0, 170.0, 0, 120.0, 140.0, 270.0, 0, 130.0, 160.0, 170.0, 150.0, 150.0, 0, 0, 0, 0, 120.0, 40.0, 100.0, 0, 0, 240.0, 0, 0, 100.0, 250.0, 0, 0, 0, 70.0, 0, 0, 140.0, 20.0, 120.0, 240.0, 300.0, 120.0, 0, 150.0, 130.0, 150.0, 60.0, 0, 30.0, 140.0, 290.0, 0, 0, 0, 260.0, 0, 320.0, 0, 0, 200.0, 0, 130.0, 0, 150.0, 0, 150.0, 0, 320.0, 110.0, 40.0, 110.0, 0, 190.0, 90.0, 60.0, 0, 180.0, 0, 20.0, 250.0, 70.0, 250.0, 40.0, 0, 150.0, 380.0, 50.0, 0, 0, 0, 0, 250.0, 230.0, 0, 30.0, 0, 160.0, 0, 10.0, 0, 170.0, 20.0, 120.0, 320.0, 0, 150.0, 0, 380.0, 0, 0, 0, 0, 290.0, 100.0, 10.0, 0, 70.0, 130.0, 0, 130.0, 50.0, 230.0, 0, 70.0, 0, 0, 0, 0, 250.0, 100.0, 60.0, 0, 210.0, 190.0, 0, 0, 0, 250.0, 0, 150.0, 120.0, 0, 320.0, 0, 0, 0, 290.0, 0, 0, 0, 0, 130.0, 240.0, 0, 0, 0, 290.0, 350.0, 0, 310.0, 0, 0, 280.0, 370.0, 0, 0, 110.0, 200.0, 230.0, 0, 250.0, 0, 190.0, 70.0, 140.0, 100.0, 0, 80.0, 0, 0, 0, 0, 0, 240.0, 0, 0, 0, 0, 0, 0, 0, 0, 0, 0, 0, 280.0, 0, 370.0, 0, 120.0, 0, 0, 240.0, 100.0, 0, 0, 0, 120.0, 0, 60.0, 0, 0, 130.0, 0, 110.0, 180.0, 30.0, 0, 0]"
400,24,0.016666666666666666,10.0,10.0,10800.0,10.0,1,1.0,0.05,2.1,2,5,0,False,8610.0,400,817.9066532734299,817.9066532734299,2979.0951961249257,4044.675,"[0, 0, 0, 0, 0, 0, 0, 0, 0, 0, 0, 0, 0, 0, 0, 0, 0, 0, 0, 0, 0, 0, 0, 0, 0, 0, 0, 0, 0, 0, 0, 0, 0, 0, 0, 0, 0, 0, 0, 0, 0, 0, 0, 0, 0, 0, 0, 0, 0, 0, 0, 0, 0, 0, 0, 0, 0, 0, 0, 0, 0, 0, 0, 0, 0, 0, 0, 0, 0, 0, 0, 0, 0, 0, 0, 0, 0, 0, 0, 0, 0, 0, 0, 0, 0, 0, 0, 0, 0, 0, 0, 0, 0, 0, 0, 0, 0, 0, 0, 0, 0, 0, 0, 0, 0, 0, 0, 0, 0, 0, 0, 0, 0, 0, 0, 0, 0, 0, 0, 0, 0, 0, 0, 0, 0, 0, 0, 0, 0, 0, 0, 0, 0, 0, 0, 0, 0, 0, 0, 0, 0, 0, 0, 0, 0, 0, 0, 0, 0, 0, 0, 0, 0, 0, 0, 0, 0, 0, 0, 0, 0, 0, 0, 0, 0, 0, 0, 0, 0, 0, 0, 0, 0, 0, 0, 0, 0, 0, 0, 0, 0, 0, 0, 0, 0, 0, 0, 0, 0, 0, 0, 0, 0, 0, 0, 0, 0, 0, 0, 0, 0, 0, 0, 0, 0, 0, 0, 0, 0, 0, 0, 0, 0, 0, 0, 0, 0, 0, 0, 0, 0, 0, 0, 0, 0, 0, 0, 0, 0, 0, 0, 0, 0, 0, 0, 0, 0, 0, 0, 0, 0, 0, 0, 0, 0, 0, 0, 0, 0, 0, 0, 0, 0, 0, 0, 0, 0, 0, 0, 0, 0, 0, 0, 0, 0, 0, 0, 0, 0, 0, 0, 0, 0, 0, 0, 0, 0, 0, 0, 0, 0, 0, 0, 0, 0, 0, 0, 0, 0, 0, 0, 0, 0, 0, 0, 0, 0, 0, 0, 0, 0, 0, 0, 0, 0, 0, 0, 0, 0, 0, 0, 0, 0, 0, 0, 0, 0, 0, 0, 0, 0, 0, 0, 0, 0, 0, 0, 0, 0, 0, 0, 0, 0, 0, 0, 0, 0, 0, 0, 0, 0, 0, 0, 0, 0, 0, 0, 0, 0, 0, 0, 0, 0, 0, 0, 0, 0, 0, 0, 0, 0, 0, 0, 0, 0, 0, 0, 0, 0, 0, 0, 0, 0, 0, 0, 0, 0, 0, 0, 0, 0, 0, 0, 0, 0, 0, 0, 0, 0, 0, 0, 0, 0, 0, 0, 0, 0, 0, 0, 0]"
400,24,0.016666666666666666,10.0,10.0,10800.0,10.0,1,1.0,0.05,2.1,2,5,0,True,8430.0,400,810.3839476687294,806.2418930891415,2944.9492917572775,4033.25,"[0, 0, 0, 0, 0, 0, 0, 0, 0, 0, 0, 0, 0, 0, 0, 0, 0, 0, 0, 0, 0, 0, 0, 0, 0, 0, 0, 0, 0, 0, 0, 0, 0, 0, 0, 0, 0, 0, 0, 0, 0, 0, 0, 0, 0, 0, 0, 0, 0, 0, 0, 0, 0, 0, 0, 0, 0, 0, 0, 0, 0, 0, 0, 0, 0, 0, 0, 0, 0, 0, 0, 0, 0, 0, 0, 0, 0, 0, 0, 0, 0, 0, 0, 0, 0, 0, 0, 0, 0, 0, 0, 0, 0, 0, 0, 0, 0, 0, 0, 0, 0, 0, 0, 0, 0, 0, 0, 0, 0, 0, 0, 0, 0, 0, 0, 0, 0, 0, 10.0, 0, 0, 0, 0, 0, 0, 0, 0, 0, 0, 0, 0, 0, 0, 0, 0, 0, 0, 0, 0, 0, 0, 0, 0, 0, 0, 0, 0, 0, 0, 0, 0, 0, 0, 0, 0, 0, 0, 0, 0, 0, 0, 0, 0, 0, 0, 0, 0, 0, 0, 0, 0, 0, 0, 0, 0, 0, 0, 0, 0, 0, 0, 0, 0, 0, 0, 0, 0, 0, 0, 0, 0, 0, 0, 0, 0, 0, 0, 0, 0, 0, 0, 0, 0, 0, 0, 0, 0, 0, 0, 0, 0, 0, 0, 0, 0, 0, 0, 0, 0, 0, 0, 0, 0, 0, 0, 0, 0, 0, 0, 0, 0, 0, 0, 0, 0, 0, 0, 0, 0, 0, 0, 0, 0, 0, 0, 0, 0, 0, 0, 0, 0, 0, 0, 0, 0, 0, 0, 0, 0, 0, 0, 0, 0, 0, 0, 0, 0, 0, 0, 0, 0, 0, 0, 0, 0, 0, 0, 0, 0, 0, 0, 0, 0, 0, 0, 0, 0, 0, 0, 0, 0, 0, 0, 0, 0, 0, 0, 0, 0, 0, 0, 0, 0, 0, 0, 0, 0, 0, 0, 0, 0, 0, 0, 0, 0, 0, 0, 0, 0, 0, 0, 0, 0, 0, 0, 0, 0, 0, 0, 0, 0, 0, 0, 0, 0, 0, 0, 0, 0, 0, 0, 0, 0, 0, 0, 0, 0, 0, 0, 0, 0, 0, 0, 0, 0, 0, 0, 0, 0, 0, 0, 0, 0, 0, 0, 0, 0, 0, 0, 0, 0, 0, 0, 0, 0, 0, 0, 0, 0, 0, 0, 0, 0, 0, 0, 0, 0, 0, 0, 0, 0, 0, 0, 0, 0, 0, 0, 0, 0, 0]"
400,26,0.016666666666666666,10.0,10.0,10800.0,10.0,1,1.0,0.05,2.1,2,5,0,False,8520.0,400,780.3328239546767,780.3328239546767,2941.5213668061647,3991.475,"[0, 0, 0, 0, 0, 0, 0, 0, 0, 0, 0, 0, 0, 0, 0, 0, 0, 0, 0, 0, 0, 0, 0, 0, 0, 0, 0, 0, 0, 0, 0, 0, 0, 0, 0, 0, 0, 0, 0, 0, 0, 0, 0, 0, 0, 0, 0, 0, 0, 0, 0, 0, 0, 0, 0, 0, 0, 0, 0, 0, 0, 0, 0, 0, 0, 0, 0, 0, 0, 0, 0, 0, 0, 0, 0, 0, 0, 0, 0, 0, 0, 0, 0, 0, 0, 0, 0, 0, 0, 0, 0, 0, 0, 0, 0, 0, 0, 0, 0, 0, 0, 0, 0, 0, 0, 0, 0, 0, 0, 0, 0, 0, 0, 0, 0, 0, 0, 0, 0, 0, 0, 0, 0, 0, 0, 0, 0, 0, 0, 0, 0, 0, 0, 0, 0, 0, 0, 0, 0, 0, 0, 0, 0, 0, 0, 0, 0, 0, 0, 0, 0, 0, 0, 0, 0, 0, 0, 0, 0, 0, 0, 0, 0, 0, 0, 0, 0, 0, 0, 0, 0, 0, 0, 0, 0, 0, 0, 0, 0, 0, 0, 0, 0, 0, 0, 0, 0, 0, 0, 0, 0, 0, 0, 0, 0, 0, 0, 0, 0, 0, 0, 0, 0, 0, 0, 0, 0, 0, 0, 0, 0, 0, 0, 0, 0, 0, 0, 0, 0, 0, 0, 0, 0, 0, 0, 0, 0, 0, 0, 0, 0, 0, 0, 0, 0, 0, 0, 0, 0, 0, 0, 0, 0, 0, 0, 0, 0, 0, 0, 0, 0, 0, 0, 0, 0, 0, 0, 0, 0, 0, 0, 0, 0, 0, 0, 0, 0, 0, 0, 0, 0, 0, 0, 0, 0, 0, 0, 0, 0, 0, 0, 0, 0, 0, 0, 0, 0, 0, 0, 0, 0, 0, 0, 0, 0, 0, 0, 0, 0, 0, 0, 0, 0, 0, 0, 0, 0, 0, 0, 0, 0, 0, 0, 0, 0, 0, 0, 0, 0, 0, 0, 0, 0, 0, 0, 0, 0, 0, 0, 0, 0, 0, 0, 0, 0, 0, 0, 0, 0, 0, 0, 0, 0, 0, 0, 0, 0, 0, 0, 0, 0, 0, 0, 0, 0, 0, 0, 0, 0, 0, 0, 0, 0, 0, 0, 0, 0, 0, 0, 0, 0, 0, 0, 0, 0, 0, 0, 0, 0, 0, 0, 0, 0, 0, 0, 0, 0, 0, 0, 0, 0, 0, 0, 0, 0, 0, 0, 0, 0, 0]"
400,26,0.016666666666666666,10.0,10.0,10800.0,10.0,1,1.0,0.05,2.1,2,5,0,True,8430.0,400,775.9102301344776,775.6985273021488,2930.289178852485,3989.075,"[0, 0, 0, 0, 0, 0, 0, 0, 0, 0, 0, 0, 0, 0, 0, 0, 0, 0, 0, 0, 0, 0, 0, 0, 0, 0, 0, 0, 0, 0, 0, 0, 0, 0, 0, 0, 0, 0, 0, 0, 0, 0, 0, 0, 0, 0, 0, 0, 0, 0, 0, 0, 0, 0, 0, 0, 0, 0, 0, 0, 0, 0, 0, 0, 0, 0, 0, 0, 0, 0, 0, 0, 0, 0, 0, 0, 0, 0, 0, 0, 0, 0, 0, 0, 0, 0, 0, 0, 0, 0, 0, 0, 0, 0, 0, 0, 0, 0, 0, 0, 0, 0, 0, 0, 0, 0, 0, 0, 0, 0, 0, 0, 0, 0, 0, 0, 0, 0, 0, 0, 0, 0, 0, 0, 0, 0, 0, 0, 0, 0, 0, 0, 0, 0, 0, 0, 0, 0, 0, 0, 0, 0, 0, 0, 0, 0, 0, 0, 0, 0, 0, 0, 0, 0, 0, 0, 0, 0, 0, 0, 0, 0, 0, 0, 0, 0, 0, 0, 0, 0, 0, 0, 0, 0, 0, 0, 0, 0, 0, 0, 0, 0, 0, 0, 0, 0, 0, 0, 0, 0, 0, 0, 0, 0, 0, 0, 0, 0, 0, 0, 0, 0, 0, 0, 0, 0, 0, 0, 0, 0, 0, 0, 0, 0, 0, 0, 0, 0, 0, 0, 0, 0, 0, 0, 0, 0, 0, 0, 0, 0, 0, 0, 0, 0, 0, 0, 0, 0, 0, 0, 0, 0, 0, 0, 0, 0, 0, 0, 0, 0, 0, 0, 0, 0, 0, 0, 0, 0, 0, 0, 0, 0, 0, 0, 0, 0, 0, 0, 0, 0, 0, 0, 0, 0, 0, 0, 0, 0, 0, 0, 0, 0, 0, 0, 0, 0, 0, 0, 0, 0, 0, 0, 0, 0, 0, 0, 0, 0, 0, 0, 0, 0, 0, 0, 0, 0, 0, 0, 0, 0, 0, 0, 0, 0, 0, 0, 0, 0, 0, 0, 0, 0, 0, 0, 0, 0, 0, 0, 0, 0, 0, 0, 0, 0, 0, 0, 0, 0, 0, 0, 0, 0, 0, 0, 0, 0, 0, 0, 0, 0, 0, 0, 0, 0, 0, 0, 0, 0, 0, 0, 0, 0, 0, 0, 0, 0, 0, 0, 0, 0, 0, 0, 0, 0, 0, 0, 0, 0, 0, 0, 0, 0, 0, 0, 0, 0, 0, 0, 0, 0, 0, 0, 0, 0, 0, 0, 0, 0, 0, 0]"
400,28,0.016666666666666666,10.0,10.0,10800.0,10.0,1,1.0,0.05,2.1,2,5,0,False,8500.0,400,746.9145125872046,746.9145125872046,2908.1030554386907,3960.725,"[0, 0, 0, 0, 0, 0, 0, 0, 0, 0, 0, 0, 0, 0, 0, 0, 0, 0, 0, 0, 0, 0, 0, 0, 0, 0, 0, 0, 0, 0, 0, 0, 0, 0, 0, 0, 0, 0, 0, 0, 0, 0, 0, 0, 0, 0, 0, 0, 0, 0, 0, 0, 0, 0, 0, 0, 0, 0, 0, 0, 0, 0, 0, 0, 0, 0, 0, 0, 0, 0, 0, 0, 0, 0, 0, 0, 0, 0, 0, 0, 0, 0, 0, 0, 0, 0, 0, 0, 0, 0, 0, 0, 0, 0, 0, 0, 0, 0, 0, 0, 0, 0, 0, 0, 0, 0, 0, 0, 0, 0, 0, 0, 0, 0, 0, 0, 0, 0, 0, 0, 0, 0, 0, 0, 0, 0, 0, 0, 0, 0, 0, 0, 0, 0, 0, 0, 0, 0, 0, 0, 0, 0, 0, 0, 0, 0, 0, 0, 0, 0, 0, 0, 0, 0, 0, 0, 0, 0, 0, 0, 0, 0, 0, 0, 0, 0, 0, 0, 0, 0, 0, 0, 0, 0, 0, 0, 0, 0, 0, 0, 0, 0, 0, 0, 0, 0, 0, 0, 0, 0, 0, 0, 0, 0, 0, 0, 0, 0, 0, 0, 0, 0, 0, 0, 0, 0, 0, 0, 0, 0, 0, 0, 0, 0, 0, 0, 0, 0, 0, 0, 0, 0, 0, 0, 0, 0, 0, 0, 0, 0, 0, 0, 0, 0, 0, 0, 0, 0, 0, 0, 0, 0, 0, 0, 0, 0, 0, 0, 0, 0, 0, 0, 0, 0, 0, 0, 0, 0, 0, 0, 0, 0, 0, 0, 0, 0, 0, 0, 0, 0, 0, 0, 0, 0, 0, 0, 0, 0, 0, 0, 0, 0, 0, 0, 0, 0, 0, 0, 0, 0, 0, 0, 0, 0, 0, 0, 0, 0, 0, 0, 0, 0, 0, 0, 0, 0, 0, 0, 0, 0, 0, 0, 0, 0, 0, 0, 0, 0, 0, 0, 0, 0, 0, 0, 0, 0, 0, 0, 0, 0, 0, 0, 0, 0, 0, 0, 0, 0, 0, 0, 0, 0, 0, 0, 0, 0, 0, 0, 0, 0, 0, 0, 0, 0, 0, 0, 0, 0, 0, 0, 0, 0, 0, 0, 0, 0, 0, 0, 0, 0, 0, 0, 0, 0, 0, 0, 0, 0, 0, 0, 0, 0, 0, 0, 0, 0, 0, 0, 0, 0, 0, 0, 0, 0, 0, 0, 0, 0, 0, 0]"
400,28,0.016666666666666666,10.0,10.0,10800.0,10.0,1,1.0,0.05,2.1,2,5,0,True,8500.0,400,746.9145125872046,746.9145125872046,2908.1030554386907,3960.725,"[0, 0, 0, 0, 0, 0, 0, 0, 0, 0, 0, 0, 0, 0, 0, 0, 0, 0, 0, 0, 0, 0, 0, 0, 0, 0, 0, 0, 0, 0, 0, 0, 0, 0, 0, 0, 0, 0, 0, 0, 0, 0, 0, 0, 0, 0, 0, 0, 0, 0, 0, 0, 0, 0, 0, 0, 0, 0, 0, 0, 0, 0, 0, 0, 0, 0, 0, 0, 0, 0, 0, 0, 0, 0, 0, 0, 0, 0, 0, 0, 0, 0, 0, 0, 0, 0, 0, 0, 0, 0, 0, 0, 0, 0, 0, 0, 0, 0, 0, 0, 0, 0, 0, 0, 0, 0, 0, 0, 0, 0, 0, 0, 0, 0, 0, 0, 0, 0, 0, 0, 0, 0, 0, 0, 0, 0, 0, 0, 0, 0, 0, 0, 0, 0, 0, 0, 0, 0, 0, 0, 0, 0, 0, 0, 0, 0, 0, 0, 0, 0, 0, 0, 0, 0, 0, 0, 0, 0, 0, 0, 0, 0, 0, 0, 0, 0, 0, 0, 0, 0, 0, 0, 0, 0, 0, 0, 0, 0, 0, 0, 0, 0, 0, 0, 0, 0, 0, 0, 0, 0, 0, 0, 0, 0, 0, 0, 0, 0, 0, 0, 0, 0, 0, 0, 0, 0, 0, 0, 0, 0, 0, 0, 0, 0, 0, 0, 0, 0, 0, 0, 0, 0, 0, 0, 0, 0, 0, 0, 0, 0, 0, 0, 0, 0, 0, 0, 0, 0, 0, 0, 0, 0, 0, 0, 0, 0, 0, 0, 0, 0, 0, 0, 0, 0, 0, 0, 0, 0, 0, 0, 0, 0, 0, 0, 0, 0, 0, 0, 0, 0, 0, 0, 0, 0, 0, 0, 0, 0, 0, 0, 0, 0, 0, 0, 0, 0, 0, 0, 0, 0, 0, 0, 0, 0, 0, 0, 0, 0, 0, 0, 0, 0, 0, 0, 0, 0, 0, 0, 0, 0, 0, 0, 0, 0, 0, 0, 0, 0, 0, 0, 0, 0, 0, 0, 0, 0, 0, 0, 0, 0, 0, 0, 0, 0, 0, 0, 0, 0, 0, 0, 0, 0, 0, 0, 0, 0, 0, 0, 0, 0, 0, 0, 0, 0, 0, 0, 0, 0, 0, 0, 0, 0, 0, 0, 0, 0, 0, 0, 0, 0, 0, 0, 0, 0, 0, 0, 0, 0, 0, 0, 0, 0, 0, 0, 0, 0, 0, 0, 0, 0, 0, 0, 0, 0, 0, 0, 0, 0, 0, 0]"
400,30,0.016666666666666666,10.0,10.0,10800.0,10.0,1,1.0,0.05,2.1,2,5,0,False,8480.0,400,667.1374026431395,667.1374026431395,2828.325945494625,3935.325,"[0, 0, 0, 0, 0, 0, 0, 0, 0, 0, 0, 0, 0, 0, 0, 0, 0, 0, 0, 0, 0, 0, 0, 0, 0, 0, 0, 0, 0, 0, 0, 0, 0, 0, 0, 0, 0, 0, 0, 0, 0, 0, 0, 0, 0, 0, 0, 0, 0, 0, 0, 0, 0, 0, 0, 0, 0, 0, 0, 0, 0, 0, 0, 0, 0, 0, 0, 0, 0, 0, 0, 0, 0, 0, 0, 0, 0, 0, 0, 0, 0, 0, 0, 0, 0, 0, 0, 0, 0, 0, 0, 0, 0, 0, 0, 0, 0, 0, 0, 0, 0, 0, 0, 0, 0, 0, 0, 0, 0, 0, 0, 0, 0, 0, 0, 0, 0, 0, 0, 0, 0, 0, 0, 0, 0, 0, 0, 0, 0, 0, 0, 0, 0, 0, 0, 0, 0, 0, 0, 0, 0, 0, 0, 0, 0, 0, 0, 0, 0, 0, 0, 0, 0, 0, 0, 0, 0, 0, 0, 0, 0, 0, 0, 0, 0, 0, 0, 0, 0, 0, 0, 0, 0, 0, 0, 0, 0, 0, 0, 0, 0, 0, 0, 0, 0, 0, 0, 0, 0, 0, 0, 0, 0, 0, 0, 0, 0, 0, 0, 0, 0, 0, 0, 0, 0, 0, 0, 0, 0, 0, 0, 0, 0, 0, 0, 0, 0, 0, 0, 0, 0, 0, 0, 0, 0, 0, 0, 0, 0, 0, 0, 0, 0, 0, 0, 0, 0, 0, 0, 0, 0, 0, 0, 0, 0, 0, 0, 0, 0, 0, 0, 0, 0, 0, 0, 0, 0, 0, 0, 0, 0, 0, 0, 0, 0, 0, 0, 0, 0, 0, 0, 0, 0, 0, 0, 0, 0, 0, 0, 0, 0, 0, 0, 0, 0, 0, 0, 0, 0, 0, 0, 0, 0, 0, 0, 0, 0, 0, 0, 0, 0, 0, 0, 0, 0, 0, 0, 0, 0, 0, 0, 0, 0, 0, 0, 0, 0, 0, 0, 0, 0, 0, 0, 0, 0, 0, 0, 0, 0, 0, 0, 0, 0, 0, 0, 0, 0, 0, 0, 0, 0, 0, 0, 0, 0, 0, 0, 0, 0, 0, 0, 0, 0, 0, 0, 0, 0, 0, 0, 0, 0, 0, 0, 0, 0, 0, 0, 0, 0, 0, 0, 0, 0, 0, 0, 0, 0, 0, 0, 0, 0, 0, 0, 0, 0, 0, 0, 0, 0, 0, 0, 0, 0, 0, 0, 0, 0, 0, 0, 0]"
400,30,0.016666666666666666,10.0,10.0,10800.0,10.0,1,1.0,0.05,2.1,2,5,0,True,8480.0,400,667.1374026431395,667.1374026431395,2828.325945494625,3935.325,"[0, 0, 0, 0, 0, 0, 0, 0, 0, 0, 0, 0, 0, 0, 0, 0, 0, 0, 0, 0, 0, 0, 0, 0, 0, 0, 0, 0, 0, 0, 0, 0, 0, 0, 0, 0, 0, 0, 0, 0, 0, 0, 0, 0, 0, 0, 0, 0, 0, 0, 0, 0, 0, 0, 0, 0, 0, 0, 0, 0, 0, 0, 0, 0, 0, 0, 0, 0, 0, 0, 0, 0, 0, 0, 0, 0, 0, 0, 0, 0, 0, 0, 0, 0, 0, 0, 0, 0, 0, 0, 0, 0, 0, 0, 0, 0, 0, 0, 0, 0, 0, 0, 0, 0, 0, 0, 0, 0, 0, 0, 0, 0, 0, 0, 0, 0, 0, 0, 0, 0, 0, 0, 0, 0, 0, 0, 0, 0, 0, 0, 0, 0, 0, 0, 0, 0, 0, 0, 0, 0, 0, 0, 0, 0, 0, 0, 0, 0, 0, 0, 0, 0, 0, 0, 0, 0, 0, 0, 0, 0, 0, 0, 0, 0, 0, 0, 0, 0, 0, 0, 0, 0, 0, 0, 0, 0, 0, 0, 0, 0, 0, 0, 0, 0, 0, 0, 0, 0, 0, 0, 0, 0, 0, 0, 0, 0, 0, 0, 0, 0, 0, 0, 0, 0, 0, 0, 0, 0, 0, 0, 0, 0, 0, 0, 0, 0, 0, 0, 0, 0, 0, 0, 0, 0, 0, 0, 0, 0, 0, 0, 0, 0, 0, 0, 0, 0, 0, 0, 0, 0, 0, 0, 0, 0, 0, 0, 0, 0, 0, 0, 0, 0, 0, 0, 0, 0, 0, 0, 0, 0, 0, 0, 0, 0, 0, 0, 0, 0, 0, 0, 0, 0, 0, 0, 0, 0, 0, 0, 0, 0, 0, 0, 0, 0, 0, 0, 0, 0, 0, 0, 0, 0, 0, 0, 0, 0, 0, 0, 0, 0, 0, 0, 0, 0, 0, 0, 0, 0, 0, 0, 0, 0, 0, 0, 0, 0, 0, 0, 0, 0, 0, 0, 0, 0, 0, 0, 0, 0, 0, 0, 0, 0, 0, 0, 0, 0, 0, 0, 0, 0, 0, 0, 0, 0, 0, 0, 0, 0, 0, 0, 0, 0, 0, 0, 0, 0, 0, 0, 0, 0, 0, 0, 0, 0, 0, 0, 0, 0, 0, 0, 0, 0, 0, 0, 0, 0, 0, 0, 0, 0, 0, 0, 0, 0, 0, 0, 0, 0, 0, 0, 0, 0, 0, 0, 0, 0, 0, 0, 0, 0]"
